run,tasks,avg_waiting,avg_processing,avg_size,drop_ratio,cpu_usage,cpu_cnt
0,10,77.55693101882935,20.542320442199706,53.4,0.0,0.0,12
1,19,85.66064305054515,23.445467070529336,60.26315789473684,0.5789473684210527,18.166666666666668,12
2,29,91.35459719855214,24.316736977675866,61.58620689655172,1.0689655172413792,36.083333333333336,12
