run,tasks,avg_waiting,avg_processing,avg_size,drop_ratio,cpu_usage,cpu_cnt
0,15,27.737973483403525,0.354105126063029,4.8,0.26666666666666666,19.78759765625,8
1,30,4.446464409430821,0.6055144091447194,7.916666666666668,0.6,18.6767578125,8
2,45,14.112315969201997,1.184687894321668,15.081149435988145,0.5333333333333333,17.791748046875,8
3,60,20.362436969496592,1.801309869002464,23.396612625814182,0.4666666666666667,20.54443359375,8
